﻿{
  "PackageData": [
    {
      "Row": [
        {
          "SchemaColumnUId": "ae0e45ca-c495-4fe7-a39d-3ab7278e1617",
          "Value": "3922ba98-02c7-413c-85cd-1570605ba4bd"
        },
        {
          "SchemaColumnUId": "009571ab-9c5d-4a20-bf83-dd499ed5a833",
          "Value": ""
        },
        {
          "SchemaColumnUId": "547bff8d-f717-4316-846c-3ff1f0e36e6e",
          "Value": "Тип картин"
        },
        {
          "SchemaColumnUId": "8b099885-e3bc-4585-920d-a497f2611e2c",
          "Value": "null",
          "DisplayValue": ""
        },
        {
          "SchemaColumnUId": "91bcbbaa-7f66-4cbf-9de4-9170da8b8d4b",
          "Value": "1b5924af-6a64-490e-8871-aef2e211ec11"
        },
        {
          "SchemaColumnUId": "91f76f42-e24d-4ebd-95b3-5b5517e917c3",
          "Value": "null"
        },
        {
          "SchemaColumnUId": "9f530727-41f3-e880-b5a7-e3a03e39838b",
          "Value": false
        }
      ]
    }
  ]
}