﻿{
  "Descriptor": {
    "UId": "a22d8103-4c6b-485b-8a56-7adff1202f24",
    "Name": "Lookup_LookupManager_3922ba9802c7413c85cd1570605ba4bd",
    "ModifiedOnUtc": "\/Date(1699274845000)\/",
    "InstallType": 0,
    "Schema": {
      "UId": "2aecdb97-990e-4c17-96f4-240ca6531c84",
      "Name": "Lookup"
    },
    "Columns": [
      {
        "ColumnUId": "ae0e45ca-c495-4fe7-a39d-3ab7278e1617",
        "IsForceUpdate": false,
        "IsKey": true,
        "ColumnName": "Id",
        "DataTypeValueUId": "23018567-a13c-4320-8687-fd6f9e3699bd"
      },
      {
        "ColumnUId": "009571ab-9c5d-4a20-bf83-dd499ed5a833",
        "IsForceUpdate": false,
        "IsKey": false,
        "ColumnName": "Description",
        "DataTypeValueUId": "c0f04627-4620-4bc0-84e5-9419dc8516b1"
      },
      {
        "ColumnUId": "91bcbbaa-7f66-4cbf-9de4-9170da8b8d4b",
        "IsForceUpdate": false,
        "IsKey": false,
        "ColumnName": "SysEntitySchemaUId",
        "DataTypeValueUId": "23018567-a13c-4320-8687-fd6f9e3699bd"
      },
      {
        "ColumnUId": "8b099885-e3bc-4585-920d-a497f2611e2c",
        "IsForceUpdate": false,
        "IsKey": false,
        "ColumnName": "SysLookup",
        "DataTypeValueUId": "b295071f-7ea9-4e62-8d1a-919bf3732ff2"
      },
      {
        "ColumnUId": "547bff8d-f717-4316-846c-3ff1f0e36e6e",
        "IsForceUpdate": false,
        "IsKey": false,
        "ColumnName": "Name",
        "DataTypeValueUId": "ddb3a1ee-07e8-4d62-b7a9-d0e618b00fbd"
      },
      {
        "ColumnUId": "91f76f42-e24d-4ebd-95b3-5b5517e917c3",
        "IsForceUpdate": false,
        "IsKey": false,
        "ColumnName": "SysPageSchemaUId",
        "DataTypeValueUId": "23018567-a13c-4320-8687-fd6f9e3699bd"
      },
      {
        "ColumnUId": "9f530727-41f3-e880-b5a7-e3a03e39838b",
        "IsForceUpdate": false,
        "IsKey": false,
        "ColumnName": "IsNotAvailableInStudio",
        "DataTypeValueUId": "90b65bf8-0ffc-4141-8779-2420877af907"
      }
    ]
  }
}