{"_isFilter":false,"uId":"2d81e03b-f7ee-4075-98d8-5d7c6d7b4837","name":"FilterEdit","logicalOperation":"Or","items":[{"_isFilter":true,"_filterSchemaUId":"2aecdb97-990e-4c17-96f4-240ca6531c84","uId":"e7eab319-0a57-415e-83d8-4eba25a67aa8","leftExpression":{"expressionType":"SchemaColumn","metaPath":"ae0e45ca-c495-4fe7-a39d-3ab7278e1617","caption":"Id","dataValueType":{"id":"23018567-a13c-4320-8687-fd6f9e3699bd","name":"Guid","isNumeric":false,"editor":{"controlTypeName":"TextEdit","controlXType":"textedit"},"useClientEncoding":false}},"comparisonType":"Equal","rightExpression":{"expressionType":"Parameter","dataValueType":{"id":"23018567-a13c-4320-8687-fd6f9e3699bd","name":"Guid","isNumeric":false,"editor":{"controlTypeName":"TextEdit","controlXType":"textedit"},"useClientEncoding":false},"parameterValues":[{"displayValue":"\"3922ba98-02c7-413c-85cd-1570605ba4bd\"","parameterValue":"\"3922ba98-02c7-413c-85cd-1570605ba4bd\""}]}}]}