{"_isFilter":false,"uId":"b1344e7e-abe7-4e8b-87cc-672ce95f7ee1","name":"FilterEdit","logicalOperation":"Or","items":[{"_isFilter":true,"_filterSchemaUId":"24666f2d-049f-4867-ae2c-db681c40c001","uId":"db1e9358-075c-4869-9ed4-be68c978f0ed","leftExpression":{"expressionType":"SchemaColumn","metaPath":"ae0e45ca-c495-4fe7-a39d-3ab7278e1617","caption":"Id","dataValueType":{"id":"23018567-a13c-4320-8687-fd6f9e3699bd","name":"Guid","isNumeric":false,"editor":{"controlTypeName":"TextEdit","controlXType":"textedit"},"useClientEncoding":false}},"comparisonType":"Equal","rightExpression":{"expressionType":"Parameter","dataValueType":{"id":"23018567-a13c-4320-8687-fd6f9e3699bd","name":"Guid","isNumeric":false,"editor":{"controlTypeName":"TextEdit","controlXType":"textedit"},"useClientEncoding":false},"parameterValues":[{"displayValue":"\"1b9a071a-2b81-456f-a8d3-40cfd639842c\"","parameterValue":"\"1b9a071a-2b81-456f-a8d3-40cfd639842c\""}]}}]}