{"_isFilter":false,"uId":"4d6f0691-e734-4770-8312-985b9dea0114","name":"FilterEdit","logicalOperation":"Or","items":[{"_isFilter":true,"_filterSchemaUId":"2b2ed767-0b4b-4a7b-9de2-d48e14a2c0c5","uId":"f1e84c16-158a-41b8-ae3d-ba3140815e4e","leftExpression":{"expressionType":"SchemaColumn","metaPath":"ae0e45ca-c495-4fe7-a39d-3ab7278e1617","caption":"Id","dataValueType":{"id":"23018567-a13c-4320-8687-fd6f9e3699bd","name":"Guid","isNumeric":false,"editor":{"controlTypeName":"TextEdit","controlXType":"textedit"},"useClientEncoding":false}},"comparisonType":"Equal","rightExpression":{"expressionType":"Parameter","dataValueType":{"id":"23018567-a13c-4320-8687-fd6f9e3699bd","name":"Guid","isNumeric":false,"editor":{"controlTypeName":"TextEdit","controlXType":"textedit"},"useClientEncoding":false},"parameterValues":[{"displayValue":"\"c47f69a4-76be-4f6f-a7a6-c393d58c46b6\"","parameterValue":"\"c47f69a4-76be-4f6f-a7a6-c393d58c46b6\""}]}}]}