﻿{
  "PackageData": [
    {
      "Row": [
        {
          "SchemaColumnUId": "ae0e45ca-c495-4fe7-a39d-3ab7278e1617",
          "Value": "3064b5bd-6feb-45fd-9aa8-31cadf395ea6"
        },
        {
          "SchemaColumnUId": "49ad8ee2-65a6-4cdd-b8f6-85c2f10a54dc",
          "Value": "Файл и ссылка объекта Картины"
        },
        {
          "SchemaColumnUId": "631e7238-2751-4a21-b6d6-9f1ac0c84f95",
          "Value": "f81c891a-fb13-46c7-8154-0cf279e4ef2d"
        },
        {
          "SchemaColumnUId": "8585929c-62ae-4673-ae8d-bb37f87e5144",
          "Value": "0c43958a-a409-47bc-a3cb-9bc32451a45a"
        }
      ]
    }
  ]
}