{"_isFilter":false,"uId":"a7f8f34e-dff8-419b-ac31-7a967a79cb3c","name":"FilterEdit","logicalOperation":"Or","items":[{"_isFilter":true,"_filterSchemaUId":"363c2008-c733-407d-9b01-9e6a7cd9a77a","uId":"636caf67-7692-454c-a801-a35573bdad5e","leftExpression":{"expressionType":"SchemaColumn","metaPath":"ae0e45ca-c495-4fe7-a39d-3ab7278e1617","caption":"Id","dataValueType":{"id":"23018567-a13c-4320-8687-fd6f9e3699bd","name":"Guid","isNumeric":false,"editor":{"controlTypeName":"TextEdit","controlXType":"textedit"},"useClientEncoding":false}},"comparisonType":"Equal","rightExpression":{"expressionType":"Parameter","dataValueType":{"id":"23018567-a13c-4320-8687-fd6f9e3699bd","name":"Guid","isNumeric":false,"editor":{"controlTypeName":"TextEdit","controlXType":"textedit"},"useClientEncoding":false},"parameterValues":[{"displayValue":"\"3064b5bd-6feb-45fd-9aa8-31cadf395ea6\"","parameterValue":"\"3064b5bd-6feb-45fd-9aa8-31cadf395ea6\""}]}}]}