{"_isFilter":false,"uId":"24d75271-c0c3-4c89-bb3f-f0aeecc81900","name":"FilterEdit","logicalOperation":"Or","items":[{"_isFilter":true,"_filterSchemaUId":"9c762665-90ad-497b-ac4b-45bb729630a1","uId":"137ce071-5c53-4800-ae43-092622f83923","leftExpression":{"expressionType":"SchemaColumn","metaPath":"ae0e45ca-c495-4fe7-a39d-3ab7278e1617","caption":"Id","dataValueType":{"id":"23018567-a13c-4320-8687-fd6f9e3699bd","name":"Guid","isNumeric":false,"editor":{"controlTypeName":"TextEdit","controlXType":"textedit"},"useClientEncoding":false}},"comparisonType":"Equal","rightExpression":{"expressionType":"Parameter","dataValueType":{"id":"23018567-a13c-4320-8687-fd6f9e3699bd","name":"Guid","isNumeric":false,"editor":{"controlTypeName":"TextEdit","controlXType":"textedit"},"useClientEncoding":false},"parameterValues":[{"displayValue":"\"a797d59b-9755-470f-a856-7ed014ac3629\"","parameterValue":"\"a797d59b-9755-470f-a856-7ed014ac3629\""}]}}]}