﻿<?xml version="1.0" encoding="utf-8"?>
<Resources Culture="ru-RU">
	<Group Type="String">
		<Items>
			<Item Name="Caption" Value="Автор картины" />
			<Item Name="Columns.DvpAge.Caption" Value="Год создания" />
			<Item Name="Columns.DvpDvpPics.Caption" Value="Картины" />
			<Item Name="Columns.DvpFIO.Caption" Value="ФИО" />
			<Item Name="Columns.DvpName.Caption" Value="Название" />
			<Item Name="EventsProcessSchema.Caption" Value="Бизнес-процесс" />
		</Items>
	</Group>
</Resources>